{"noiseKey":{"private":{"type":"Buffer","data":"cORDBYDnnNw8Tzgl67BoFMgY2SLRavwvRuvqcb4EEVg="},"public":{"type":"Buffer","data":"Zu4H/kKwYBxR9EDPTpkZtLJjHNFQFxxdrYH39jdX9mI="}},"pairingEphemeralKeyPair":{"private":{"type":"Buffer","data":"6H4zueB7JyExtp7GSsyIAqPCV5a8PIbPJ/ppGigok0w="},"public":{"type":"Buffer","data":"bTVAn69MFpqHePiKzCXkXeJffNfb9vzfjM4g2t/L0i8="}},"signedIdentityKey":{"private":{"type":"Buffer","data":"mKh55PeSQ2GCW5BYfh57vdsD8zXL7p4k4tdr9jG+LVc="},"public":{"type":"Buffer","data":"a67fDYmylcOfAg7QtJ7qe8PmHKJ+ZT9Qdl4aEcaqsAA="}},"signedPreKey":{"keyPair":{"private":{"type":"Buffer","data":"wB2+7iZxApnzglSTVjCZl/YoAW80GQLJ4ANr8W7M7EA="},"public":{"type":"Buffer","data":"TQOckyOuo95XhSEOd1t8Wgyqy7xMZ4ORkgN7AW0kjUc="}},"signature":{"type":"Buffer","data":"xHC7D5Gm8sH8nF/FTvdEwINQ+z48mwjFJsoVull8xM0Oqq+uGLW/jwOELZvnQNyKMRQDdOUFeVM3l9GWscI7Aw=="},"keyId":1},"registrationId":134,"advSecretKey":"fGbHEPLew8L8FXuk7ot4WNZhFJdJT01hd/TX6frMdww=","processedHistoryMessages":[{"key":{"remoteJid":"6285609631149@s.whatsapp.net","fromMe":true,"id":"1B112587FD838CD76BB7CF78FFA668AD"},"messageTimestamp":1705981751},{"key":{"remoteJid":"6285609631149@s.whatsapp.net","fromMe":true,"id":"E73F996D351A2B2F0F47964AED5C9571"},"messageTimestamp":1705981751},{"key":{"remoteJid":"6285609631149@s.whatsapp.net","fromMe":true,"id":"8D3480FC676A18357870A90F260A511E"},"messageTimestamp":1705981752},{"key":{"remoteJid":"6285609631149@s.whatsapp.net","fromMe":true,"id":"E1C32A36F54B6F358CF393A47F047BDD"},"messageTimestamp":1705981752}],"nextPreKeyId":456,"firstUnuploadedPreKeyId":456,"accountSyncCounter":1,"accountSettings":{"unarchiveChats":false},"deviceId":"1c3rHxttREeVXnFOWOFAIw","phoneId":"fce1f576-8ba8-467a-88e3-a0742deb4407","identityId":{"type":"Buffer","data":"gz7N9xUOEXn+1Tz7bjbjXWyHHr0="},"registered":true,"backupToken":{"type":"Buffer","data":"tlERKIu/kDZe2E1GntHsdt2FV/U="},"registration":{},"pairingCode":"C8GFJAYJ","me":{"id":"6285609631149:66@s.whatsapp.net","name":"ALESYA","jid":"6285609631149@s.whatsapp.net","lid":"31894762713104:66@lid"},"account":{"details":"CJf73lkQsO68rQYYASAAKAA=","accountSignatureKey":"IVx2ij2LB0LT6Dh+c2VrT81/TJfTYsCMaI6jCt0LT3U=","accountSignature":"KmUN04BChZ0dEre4Odz99PCeB1QcilOc6IFkDTiqB6fstlRasrymD3xIesghaBaYdqVQwqzszCiEKRAH2o04CQ==","deviceSignature":"XjUWXrh20KckocWXM5O5m8/kVxOVubOSFAEG/whnYqyy2gkBhVUbOVY7khmEnS8wQAzVB7J+gQYm8babsPzhAw=="},"signalIdentities":[{"identifier":{"name":"6285609631149:66@s.whatsapp.net","deviceId":0},"identifierKey":{"type":"Buffer","data":"BSFcdoo9iwdC0+g4fnNla0/Nf0yX02LAjGiOowrdC091"}}],"platform":"android","lastAccountSyncTimestamp":1706579644,"myAppStateKeyId":"AAAAAD3m"}